state,year,group,species_cum,latitude,longitude
Australian Capital Territory,2000,Insects,1952,-35.3,149.1
Australian Capital Territory,2000,Other animals,389,-35.3,149.1
Australian Capital Territory,2000,Birds,189,-35.3,149.1
Australian Capital Territory,2000,Fish,113,-35.3,149.1
Australian Capital Territory,2000,Mammals,42,-35.3,149.1
Australian Capital Territory,2000,Reptiles,36,-35.3,149.1
Australian Capital Territory,2000,Amphibians,17,-35.3,149.1
Australian Capital Territory,2001,Insects,2040,-35.3,149.1
Australian Capital Territory,2001,Other animals,406,-35.3,149.1
Australian Capital Territory,2001,Birds,197,-35.3,149.1
Australian Capital Territory,2001,Fish,118,-35.3,149.1
Australian Capital Territory,2001,Mammals,44,-35.3,149.1
Australian Capital Territory,2001,Reptiles,38,-35.3,149.1
Australian Capital Territory,2001,Amphibians,17,-35.3,149.1
Australian Capital Territory,2002,Insects,2128,-35.3,149.1
Australian Capital Territory,2002,Other animals,423,-35.3,149.1
Australian Capital Territory,2002,Birds,205,-35.3,149.1
Australian Capital Territory,2002,Fish,123,-35.3,149.1
Australian Capital Territory,2002,Mammals,46,-35.3,149.1
Australian Capital Territory,2002,Reptiles,39,-35.3,149.1
Australian Capital Territory,2002,Amphibians,18,-35.3,149.1
Australian Capital Territory,2003,Insects,2212,-35.3,149.1
Australian Capital Territory,2003,Other animals,441,-35.3,149.1
Australian Capital Territory,2003,Birds,214,-35.3,149.1
Australian Capital Territory,2003,Fish,129,-35.3,149.1
Australian Capital Territory,2003,Mammals,47,-35.3,149.1
Australian Capital Territory,2003,Reptiles,41,-35.3,149.1
Australian Capital Territory,2003,Amphibians,19,-35.3,149.1
Australian Capital Territory,2004,Insects,2344,-35.3,149.1
Australian Capital Territory,2004,Other animals,467,-35.3,149.1
Australian Capital Territory,2004,Birds,226,-35.3,149.1
Australian Capital Territory,2004,Fish,136,-35.3,149.1
Australian Capital Territory,2004,Mammals,50,-35.3,149.1
Australian Capital Territory,2004,Reptiles,43,-35.3,149.1
Australian Capital Territory,2004,Amphibians,20,-35.3,149.1
Australian Capital Territory,2005,Insects,2473,-35.3,149.1
Australian Capital Territory,2005,Other animals,492,-35.3,149.1
Australian Capital Territory,2005,Birds,239,-35.3,149.1
Australian Capital Territory,2005,Fish,144,-35.3,149.1
Australian Capital Territory,2005,Mammals,53,-35.3,149.1
Australian Capital Territory,2005,Reptiles,46,-35.3,149.1
Australian Capital Territory,2005,Amphibians,21,-35.3,149.1
Australian Capital Territory,2006,Insects,2560,-35.3,149.1
Australian Capital Territory,2006,Other animals,510,-35.3,149.1
Australian Capital Territory,2006,Birds,247,-35.3,149.1
Australian Capital Territory,2006,Fish,149,-35.3,149.1
Australian Capital Territory,2006,Mammals,55,-35.3,149.1
Australian Capital Territory,2006,Reptiles,47,-35.3,149.1
Australian Capital Territory,2006,Amphibians,22,-35.3,149.1
Australian Capital Territory,2007,Insects,2646,-35.3,149.1
Australian Capital Territory,2007,Other animals,527,-35.3,149.1
Australian Capital Territory,2007,Birds,256,-35.3,149.1
Australian Capital Territory,2007,Fish,154,-35.3,149.1
Australian Capital Territory,2007,Mammals,57,-35.3,149.1
Australian Capital Territory,2007,Reptiles,49,-35.3,149.1
Australian Capital Territory,2007,Amphibians,23,-35.3,149.1
Australian Capital Territory,2008,Insects,2777,-35.3,149.1
Australian Capital Territory,2008,Other animals,553,-35.3,149.1
Australian Capital Territory,2008,Birds,268,-35.3,149.1
Australian Capital Territory,2008,Fish,161,-35.3,149.1
Australian Capital Territory,2008,Mammals,60,-35.3,149.1
Australian Capital Territory,2008,Reptiles,51,-35.3,149.1
Australian Capital Territory,2008,Amphibians,24,-35.3,149.1
Australian Capital Territory,2009,Insects,2865,-35.3,149.1
Australian Capital Territory,2009,Other animals,570,-35.3,149.1
Australian Capital Territory,2009,Birds,277,-35.3,149.1
Australian Capital Territory,2009,Fish,166,-35.3,149.1
Australian Capital Territory,2009,Mammals,61,-35.3,149.1
Australian Capital Territory,2009,Reptiles,53,-35.3,149.1
Australian Capital Territory,2009,Amphibians,24,-35.3,149.1
Australian Capital Territory,2010,Insects,2995,-35.3,149.1
Australian Capital Territory,2010,Other animals,596,-35.3,149.1
Australian Capital Territory,2010,Birds,289,-35.3,149.1
Australian Capital Territory,2010,Fish,174,-35.3,149.1
Australian Capital Territory,2010,Mammals,64,-35.3,149.1
Australian Capital Territory,2010,Reptiles,55,-35.3,149.1
Australian Capital Territory,2010,Amphibians,26,-35.3,149.1
Australian Capital Territory,2011,Insects,3082,-35.3,149.1
Australian Capital Territory,2011,Other animals,613,-35.3,149.1
Australian Capital Territory,2011,Birds,297,-35.3,149.1
Australian Capital Territory,2011,Fish,179,-35.3,149.1
Australian Capital Territory,2011,Mammals,66,-35.3,149.1
Australian Capital Territory,2011,Reptiles,57,-35.3,149.1
Australian Capital Territory,2011,Amphibians,26,-35.3,149.1
Australian Capital Territory,2012,Insects,3213,-35.3,149.1
Australian Capital Territory,2012,Other animals,639,-35.3,149.1
Australian Capital Territory,2012,Birds,310,-35.3,149.1
Australian Capital Territory,2012,Fish,186,-35.3,149.1
Australian Capital Territory,2012,Mammals,69,-35.3,149.1
Australian Capital Territory,2012,Reptiles,59,-35.3,149.1
Australian Capital Territory,2012,Amphibians,27,-35.3,149.1
Australian Capital Territory,2013,Insects,3341,-35.3,149.1
Australian Capital Territory,2013,Other animals,665,-35.3,149.1
Australian Capital Territory,2013,Birds,323,-35.3,149.1
Australian Capital Territory,2013,Fish,194,-35.3,149.1
Australian Capital Territory,2013,Mammals,72,-35.3,149.1
Australian Capital Territory,2013,Reptiles,62,-35.3,149.1
Australian Capital Territory,2013,Amphibians,28,-35.3,149.1
Australian Capital Territory,2014,Insects,3472,-35.3,149.1
Australian Capital Territory,2014,Other animals,691,-35.3,149.1
Australian Capital Territory,2014,Birds,335,-35.3,149.1
Australian Capital Territory,2014,Fish,202,-35.3,149.1
Australian Capital Territory,2014,Mammals,74,-35.3,149.1
Australian Capital Territory,2014,Reptiles,64,-35.3,149.1
Australian Capital Territory,2014,Amphibians,30,-35.3,149.1
Australian Capital Territory,2015,Insects,3603,-35.3,149.1
Australian Capital Territory,2015,Other animals,717,-35.3,149.1
Australian Capital Territory,2015,Birds,348,-35.3,149.1
Australian Capital Territory,2015,Fish,209,-35.3,149.1
Australian Capital Territory,2015,Mammals,77,-35.3,149.1
Australian Capital Territory,2015,Reptiles,66,-35.3,149.1
Australian Capital Territory,2015,Amphibians,31,-35.3,149.1
Australian Capital Territory,2016,Insects,3732,-35.3,149.1
Australian Capital Territory,2016,Other animals,743,-35.3,149.1
Australian Capital Territory,2016,Birds,360,-35.3,149.1
Australian Capital Territory,2016,Fish,217,-35.3,149.1
Australian Capital Territory,2016,Mammals,80,-35.3,149.1
Australian Capital Territory,2016,Reptiles,69,-35.3,149.1
Australian Capital Territory,2016,Amphibians,32,-35.3,149.1
Australian Capital Territory,2017,Insects,3819,-35.3,149.1
Australian Capital Territory,2017,Other animals,760,-35.3,149.1
Australian Capital Territory,2017,Birds,369,-35.3,149.1
Australian Capital Territory,2017,Fish,222,-35.3,149.1
Australian Capital Territory,2017,Mammals,82,-35.3,149.1
Australian Capital Territory,2017,Reptiles,70,-35.3,149.1
Australian Capital Territory,2017,Amphibians,33,-35.3,149.1
Australian Capital Territory,2018,Insects,3906,-35.3,149.1
Australian Capital Territory,2018,Other animals,778,-35.3,149.1
Australian Capital Territory,2018,Birds,377,-35.3,149.1
Australian Capital Territory,2018,Fish,227,-35.3,149.1
Australian Capital Territory,2018,Mammals,84,-35.3,149.1
Australian Capital Territory,2018,Reptiles,72,-35.3,149.1
Australian Capital Territory,2018,Amphibians,33,-35.3,149.1
Australian Capital Territory,2019,Insects,3992,-35.3,149.1
Australian Capital Territory,2019,Other animals,795,-35.3,149.1
Australian Capital Territory,2019,Birds,385,-35.3,149.1
Australian Capital Territory,2019,Fish,232,-35.3,149.1
Australian Capital Territory,2019,Mammals,86,-35.3,149.1
Australian Capital Territory,2019,Reptiles,74,-35.3,149.1
Australian Capital Territory,2019,Amphibians,34,-35.3,149.1
Australian Capital Territory,2020,Insects,4080,-35.3,149.1
Australian Capital Territory,2020,Other animals,812,-35.3,149.1
Australian Capital Territory,2020,Birds,394,-35.3,149.1
Australian Capital Territory,2020,Fish,237,-35.3,149.1
Australian Capital Territory,2020,Mammals,87,-35.3,149.1
Australian Capital Territory,2020,Reptiles,75,-35.3,149.1
Australian Capital Territory,2020,Amphibians,35,-35.3,149.1
Australian Capital Territory,2021,Insects,4167,-35.3,149.1
Australian Capital Territory,2021,Other animals,829,-35.3,149.1
Australian Capital Territory,2021,Birds,402,-35.3,149.1
Australian Capital Territory,2021,Fish,242,-35.3,149.1
Australian Capital Territory,2021,Mammals,89,-35.3,149.1
Australian Capital Territory,2021,Reptiles,77,-35.3,149.1
Australian Capital Territory,2021,Amphibians,36,-35.3,149.1
Australian Capital Territory,2022,Insects,4253,-35.3,149.1
Australian Capital Territory,2022,Other animals,847,-35.3,149.1
Australian Capital Territory,2022,Birds,411,-35.3,149.1
Australian Capital Territory,2022,Fish,247,-35.3,149.1
Australian Capital Territory,2022,Mammals,91,-35.3,149.1
Australian Capital Territory,2022,Reptiles,78,-35.3,149.1
Australian Capital Territory,2022,Amphibians,36,-35.3,149.1
Australian Capital Territory,2023,Insects,4297,-35.3,149.1
Australian Capital Territory,2023,Other animals,855,-35.3,149.1
Australian Capital Territory,2023,Birds,415,-35.3,149.1
Australian Capital Territory,2023,Fish,249,-35.3,149.1
Australian Capital Territory,2023,Mammals,92,-35.3,149.1
Australian Capital Territory,2023,Reptiles,79,-35.3,149.1
Australian Capital Territory,2023,Amphibians,37,-35.3,149.1
Australian Capital Territory,2024,Insects,4340,-35.3,149.1
Australian Capital Territory,2024,Other animals,864,-35.3,149.1
Australian Capital Territory,2024,Birds,419,-35.3,149.1
Australian Capital Territory,2024,Fish,252,-35.3,149.1
Australian Capital Territory,2024,Mammals,93,-35.3,149.1
Australian Capital Territory,2024,Reptiles,80,-35.3,149.1
Australian Capital Territory,2024,Amphibians,37,-35.3,149.1
New South Wales,2000,Insects,8056,-32,147
New South Wales,2000,Other animals,3955,-32,147
New South Wales,2000,Fish,691,-32,147
New South Wales,2000,Birds,334,-32,147
New South Wales,2000,Reptiles,179,-32,147
New South Wales,2000,Mammals,115,-32,147
New South Wales,2000,Amphibians,53,-32,147
New South Wales,2001,Insects,8413,-32,147
New South Wales,2001,Other animals,4131,-32,147
New South Wales,2001,Fish,722,-32,147
New South Wales,2001,Birds,349,-32,147
New South Wales,2001,Reptiles,187,-32,147
New South Wales,2001,Mammals,120,-32,147
New South Wales,2001,Amphibians,55,-32,147
New South Wales,2002,Insects,8771,-32,147
New South Wales,2002,Other animals,4307,-32,147
New South Wales,2002,Fish,753,-32,147
New South Wales,2002,Birds,364,-32,147
New South Wales,2002,Reptiles,195,-32,147
New South Wales,2002,Mammals,125,-32,147
New South Wales,2002,Amphibians,57,-32,147
New South Wales,2003,Insects,9129,-32,147
New South Wales,2003,Other animals,4482,-32,147
New South Wales,2003,Fish,783,-32,147
New South Wales,2003,Birds,379,-32,147
New South Wales,2003,Reptiles,203,-32,147
New South Wales,2003,Mammals,131,-32,147
New South Wales,2003,Amphibians,60,-32,147
New South Wales,2004,Insects,9667,-32,147
New South Wales,2004,Other animals,4746,-32,147
New South Wales,2004,Fish,829,-32,147
New South Wales,2004,Birds,401,-32,147
New South Wales,2004,Reptiles,215,-32,147
New South Wales,2004,Mammals,138,-32,147
New South Wales,2004,Amphibians,63,-32,147
New South Wales,2005,Insects,10201,-32,147
New South Wales,2005,Other animals,5010,-32,147
New South Wales,2005,Fish,876,-32,147
New South Wales,2005,Birds,424,-32,147
New South Wales,2005,Reptiles,227,-32,147
New South Wales,2005,Mammals,146,-32,147
New South Wales,2005,Amphibians,67,-32,147
New South Wales,2006,Insects,10561,-32,147
New South Wales,2006,Other animals,5186,-32,147
New South Wales,2006,Fish,906,-32,147
New South Wales,2006,Birds,438,-32,147
New South Wales,2006,Reptiles,235,-32,147
New South Wales,2006,Mammals,151,-32,147
New South Wales,2006,Amphibians,69,-32,147
New South Wales,2007,Insects,10920,-32,147
New South Wales,2007,Other animals,5361,-32,147
New South Wales,2007,Fish,937,-32,147
New South Wales,2007,Birds,453,-32,147
New South Wales,2007,Reptiles,243,-32,147
New South Wales,2007,Mammals,156,-32,147
New South Wales,2007,Amphibians,71,-32,147
New South Wales,2008,Insects,11455,-32,147
New South Wales,2008,Other animals,5625,-32,147
New South Wales,2008,Fish,983,-32,147
New South Wales,2008,Birds,476,-32,147
New South Wales,2008,Reptiles,255,-32,147
New South Wales,2008,Mammals,164,-32,147
New South Wales,2008,Amphibians,75,-32,147
New South Wales,2009,Insects,11814,-32,147
New South Wales,2009,Other animals,5801,-32,147
New South Wales,2009,Fish,1014,-32,147
New South Wales,2009,Birds,490,-32,147
New South Wales,2009,Reptiles,263,-32,147
New South Wales,2009,Mammals,169,-32,147
New South Wales,2009,Amphibians,77,-32,147
New South Wales,2010,Insects,12350,-32,147
New South Wales,2010,Other animals,6064,-32,147
New South Wales,2010,Fish,1060,-32,147
New South Wales,2010,Birds,513,-32,147
New South Wales,2010,Reptiles,275,-32,147
New South Wales,2010,Mammals,177,-32,147
New South Wales,2010,Amphibians,81,-32,147
New South Wales,2011,Insects,12708,-32,147
New South Wales,2011,Other animals,6240,-32,147
New South Wales,2011,Fish,1091,-32,147
New South Wales,2011,Birds,528,-32,147
New South Wales,2011,Reptiles,283,-32,147
New South Wales,2011,Mammals,182,-32,147
New South Wales,2011,Amphibians,83,-32,147
New South Wales,2012,Insects,13245,-32,147
New South Wales,2012,Other animals,6504,-32,147
New South Wales,2012,Fish,1137,-32,147
New South Wales,2012,Birds,550,-32,147
New South Wales,2012,Reptiles,295,-32,147
New South Wales,2012,Mammals,189,-32,147
New South Wales,2012,Amphibians,87,-32,147
New South Wales,2013,Insects,13783,-32,147
New South Wales,2013,Other animals,6768,-32,147
New South Wales,2013,Fish,1183,-32,147
New South Wales,2013,Birds,572,-32,147
New South Wales,2013,Reptiles,306,-32,147
New South Wales,2013,Mammals,197,-32,147
New South Wales,2013,Amphibians,90,-32,147
New South Wales,2014,Insects,14320,-32,147
New South Wales,2014,Other animals,7031,-32,147
New South Wales,2014,Fish,1229,-32,147
New South Wales,2014,Birds,594,-32,147
New South Wales,2014,Reptiles,318,-32,147
New South Wales,2014,Mammals,205,-32,147
New South Wales,2014,Amphibians,94,-32,147
New South Wales,2015,Insects,14857,-32,147
New South Wales,2015,Other animals,7295,-32,147
New South Wales,2015,Fish,1275,-32,147
New South Wales,2015,Birds,617,-32,147
New South Wales,2015,Reptiles,330,-32,147
New South Wales,2015,Mammals,212,-32,147
New South Wales,2015,Amphibians,97,-32,147
New South Wales,2016,Insects,15394,-32,147
New South Wales,2016,Other animals,7559,-32,147
New South Wales,2016,Fish,1321,-32,147
New South Wales,2016,Birds,639,-32,147
New South Wales,2016,Reptiles,342,-32,147
New South Wales,2016,Mammals,220,-32,147
New South Wales,2016,Amphibians,101,-32,147
New South Wales,2017,Insects,15752,-32,147
New South Wales,2017,Other animals,7734,-32,147
New South Wales,2017,Fish,1352,-32,147
New South Wales,2017,Birds,654,-32,147
New South Wales,2017,Reptiles,350,-32,147
New South Wales,2017,Mammals,225,-32,147
New South Wales,2017,Amphibians,103,-32,147
New South Wales,2018,Insects,16111,-32,147
New South Wales,2018,Other animals,7910,-32,147
New South Wales,2018,Fish,1382,-32,147
New South Wales,2018,Birds,669,-32,147
New South Wales,2018,Reptiles,358,-32,147
New South Wales,2018,Mammals,230,-32,147
New South Wales,2018,Amphibians,105,-32,147
New South Wales,2019,Insects,16467,-32,147
New South Wales,2019,Other animals,8086,-32,147
New South Wales,2019,Fish,1413,-32,147
New South Wales,2019,Birds,684,-32,147
New South Wales,2019,Reptiles,366,-32,147
New South Wales,2019,Mammals,236,-32,147
New South Wales,2019,Amphibians,108,-32,147
New South Wales,2020,Insects,16826,-32,147
New South Wales,2020,Other animals,8262,-32,147
New South Wales,2020,Fish,1444,-32,147
New South Wales,2020,Birds,698,-32,147
New South Wales,2020,Reptiles,374,-32,147
New South Wales,2020,Mammals,241,-32,147
New South Wales,2020,Amphibians,110,-32,147
New South Wales,2021,Insects,17184,-32,147
New South Wales,2021,Other animals,8437,-32,147
New South Wales,2021,Fish,1475,-32,147
New South Wales,2021,Birds,713,-32,147
New South Wales,2021,Reptiles,382,-32,147
New South Wales,2021,Mammals,246,-32,147
New South Wales,2021,Amphibians,112,-32,147
New South Wales,2022,Insects,17542,-32,147
New South Wales,2022,Other animals,8613,-32,147
New South Wales,2022,Fish,1505,-32,147
New South Wales,2022,Birds,728,-32,147
New South Wales,2022,Reptiles,390,-32,147
New South Wales,2022,Mammals,251,-32,147
New South Wales,2022,Amphibians,115,-32,147
New South Wales,2023,Insects,17721,-32,147
New South Wales,2023,Other animals,8701,-32,147
New South Wales,2023,Fish,1521,-32,147
New South Wales,2023,Birds,736,-32,147
New South Wales,2023,Reptiles,394,-32,147
New South Wales,2023,Mammals,253,-32,147
New South Wales,2023,Amphibians,116,-32,147
New South Wales,2024,Insects,17900,-32,147
New South Wales,2024,Other animals,8789,-32,147
New South Wales,2024,Fish,1536,-32,147
New South Wales,2024,Birds,743,-32,147
New South Wales,2024,Reptiles,398,-32,147
New South Wales,2024,Mammals,256,-32,147
New South Wales,2024,Amphibians,117,-32,147
Northern Territory,2000,Insects,2051,-19.5,133.5
Northern Territory,2000,Other animals,1691,-19.5,133.5
Northern Territory,2000,Fish,372,-19.5,133.5
Northern Territory,2000,Birds,280,-19.5,133.5
Northern Territory,2000,Reptiles,221,-19.5,133.5
Northern Territory,2000,Mammals,105,-19.5,133.5
Northern Territory,2000,Amphibians,37,-19.5,133.5
Northern Territory,2001,Insects,2141,-19.5,133.5
Northern Territory,2001,Other animals,1766,-19.5,133.5
Northern Territory,2001,Fish,388,-19.5,133.5
Northern Territory,2001,Birds,293,-19.5,133.5
Northern Territory,2001,Reptiles,231,-19.5,133.5
Northern Territory,2001,Mammals,110,-19.5,133.5
Northern Territory,2001,Amphibians,39,-19.5,133.5
Northern Territory,2002,Insects,2231,-19.5,133.5
Northern Territory,2002,Other animals,1841,-19.5,133.5
Northern Territory,2002,Fish,405,-19.5,133.5
Northern Territory,2002,Birds,305,-19.5,133.5
Northern Territory,2002,Reptiles,241,-19.5,133.5
Northern Territory,2002,Mammals,115,-19.5,133.5
Northern Territory,2002,Amphibians,41,-19.5,133.5
Northern Territory,2003,Insects,2324,-19.5,133.5
Northern Territory,2003,Other animals,1917,-19.5,133.5
Northern Territory,2003,Fish,421,-19.5,133.5
Northern Territory,2003,Birds,318,-19.5,133.5
Northern Territory,2003,Reptiles,250,-19.5,133.5
Northern Territory,2003,Mammals,119,-19.5,133.5
Northern Territory,2003,Amphibians,42,-19.5,133.5
Northern Territory,2004,Insects,2461,-19.5,133.5
Northern Territory,2004,Other animals,2029,-19.5,133.5
Northern Territory,2004,Fish,446,-19.5,133.5
Northern Territory,2004,Birds,336,-19.5,133.5
Northern Territory,2004,Reptiles,265,-19.5,133.5
Northern Territory,2004,Mammals,126,-19.5,133.5
Northern Territory,2004,Amphibians,45,-19.5,133.5
Northern Territory,2005,Insects,2597,-19.5,133.5
Northern Territory,2005,Other animals,2142,-19.5,133.5
Northern Territory,2005,Fish,471,-19.5,133.5
Northern Territory,2005,Birds,355,-19.5,133.5
Northern Territory,2005,Reptiles,280,-19.5,133.5
Northern Territory,2005,Mammals,133,-19.5,133.5
Northern Territory,2005,Amphibians,47,-19.5,133.5
Northern Territory,2006,Insects,2687,-19.5,133.5
Northern Territory,2006,Other animals,2217,-19.5,133.5
Northern Territory,2006,Fish,487,-19.5,133.5
Northern Territory,2006,Birds,368,-19.5,133.5
Northern Territory,2006,Reptiles,290,-19.5,133.5
Northern Territory,2006,Mammals,138,-19.5,133.5
Northern Territory,2006,Amphibians,49,-19.5,133.5
Northern Territory,2007,Insects,2778,-19.5,133.5
Northern Territory,2007,Other animals,2292,-19.5,133.5
Northern Territory,2007,Fish,504,-19.5,133.5
Northern Territory,2007,Birds,380,-19.5,133.5
Northern Territory,2007,Reptiles,300,-19.5,133.5
Northern Territory,2007,Mammals,143,-19.5,133.5
Northern Territory,2007,Amphibians,51,-19.5,133.5
Northern Territory,2008,Insects,2915,-19.5,133.5
Northern Territory,2008,Other animals,2405,-19.5,133.5
Northern Territory,2008,Fish,529,-19.5,133.5
Northern Territory,2008,Birds,399,-19.5,133.5
Northern Territory,2008,Reptiles,314,-19.5,133.5
Northern Territory,2008,Mammals,150,-19.5,133.5
Northern Territory,2008,Amphibians,53,-19.5,133.5
Northern Territory,2009,Insects,3007,-19.5,133.5
Northern Territory,2009,Other animals,2480,-19.5,133.5
Northern Territory,2009,Fish,545,-19.5,133.5
Northern Territory,2009,Birds,411,-19.5,133.5
Northern Territory,2009,Reptiles,324,-19.5,133.5
Northern Territory,2009,Mammals,154,-19.5,133.5
Northern Territory,2009,Amphibians,55,-19.5,133.5
Northern Territory,2010,Insects,3143,-19.5,133.5
Northern Territory,2010,Other animals,2593,-19.5,133.5
Northern Territory,2010,Fish,570,-19.5,133.5
Northern Territory,2010,Birds,430,-19.5,133.5
Northern Territory,2010,Reptiles,339,-19.5,133.5
Northern Territory,2010,Mammals,161,-19.5,133.5
Northern Territory,2010,Amphibians,57,-19.5,133.5
Northern Territory,2011,Insects,3235,-19.5,133.5
Northern Territory,2011,Other animals,2668,-19.5,133.5
Northern Territory,2011,Fish,586,-19.5,133.5
Northern Territory,2011,Birds,442,-19.5,133.5
Northern Territory,2011,Reptiles,349,-19.5,133.5
Northern Territory,2011,Mammals,166,-19.5,133.5
Northern Territory,2011,Amphibians,59,-19.5,133.5
Northern Territory,2012,Insects,3372,-19.5,133.5
Northern Territory,2012,Other animals,2781,-19.5,133.5
Northern Territory,2012,Fish,611,-19.5,133.5
Northern Territory,2012,Birds,461,-19.5,133.5
Northern Territory,2012,Reptiles,363,-19.5,133.5
Northern Territory,2012,Mammals,173,-19.5,133.5
Northern Territory,2012,Amphibians,61,-19.5,133.5
Northern Territory,2013,Insects,3507,-19.5,133.5
Northern Territory,2013,Other animals,2894,-19.5,133.5
Northern Territory,2013,Fish,636,-19.5,133.5
Northern Territory,2013,Birds,480,-19.5,133.5
Northern Territory,2013,Reptiles,378,-19.5,133.5
Northern Territory,2013,Mammals,180,-19.5,133.5
Northern Territory,2013,Amphibians,64,-19.5,133.5
Northern Territory,2014,Insects,3645,-19.5,133.5
Northern Territory,2014,Other animals,3006,-19.5,133.5
Northern Territory,2014,Fish,661,-19.5,133.5
Northern Territory,2014,Birds,498,-19.5,133.5
Northern Territory,2014,Reptiles,393,-19.5,133.5
Northern Territory,2014,Mammals,187,-19.5,133.5
Northern Territory,2014,Amphibians,66,-19.5,133.5
Northern Territory,2015,Insects,3780,-19.5,133.5
Northern Territory,2015,Other animals,3119,-19.5,133.5
Northern Territory,2015,Fish,686,-19.5,133.5
Northern Territory,2015,Birds,517,-19.5,133.5
Northern Territory,2015,Reptiles,408,-19.5,133.5
Northern Territory,2015,Mammals,194,-19.5,133.5
Northern Territory,2015,Amphibians,69,-19.5,133.5
Northern Territory,2016,Insects,3918,-19.5,133.5
Northern Territory,2016,Other animals,3232,-19.5,133.5
Northern Territory,2016,Fish,710,-19.5,133.5
Northern Territory,2016,Birds,536,-19.5,133.5
Northern Territory,2016,Reptiles,422,-19.5,133.5
Northern Territory,2016,Mammals,201,-19.5,133.5
Northern Territory,2016,Amphibians,71,-19.5,133.5
Northern Territory,2017,Insects,4009,-19.5,133.5
Northern Territory,2017,Other animals,3307,-19.5,133.5
Northern Territory,2017,Fish,727,-19.5,133.5
Northern Territory,2017,Birds,548,-19.5,133.5
Northern Territory,2017,Reptiles,432,-19.5,133.5
Northern Territory,2017,Mammals,206,-19.5,133.5
Northern Territory,2017,Amphibians,73,-19.5,133.5
Northern Territory,2018,Insects,4099,-19.5,133.5
Northern Territory,2018,Other animals,3382,-19.5,133.5
Northern Territory,2018,Fish,743,-19.5,133.5
Northern Territory,2018,Birds,561,-19.5,133.5
Northern Territory,2018,Reptiles,442,-19.5,133.5
Northern Territory,2018,Mammals,211,-19.5,133.5
Northern Territory,2018,Amphibians,75,-19.5,133.5
Northern Territory,2019,Insects,4191,-19.5,133.5
Northern Territory,2019,Other animals,3457,-19.5,133.5
Northern Territory,2019,Fish,760,-19.5,133.5
Northern Territory,2019,Birds,573,-19.5,133.5
Northern Territory,2019,Reptiles,452,-19.5,133.5
Northern Territory,2019,Mammals,215,-19.5,133.5
Northern Territory,2019,Amphibians,76,-19.5,133.5
Northern Territory,2020,Insects,4281,-19.5,133.5
Northern Territory,2020,Other animals,3533,-19.5,133.5
Northern Territory,2020,Fish,776,-19.5,133.5
Northern Territory,2020,Birds,586,-19.5,133.5
Northern Territory,2020,Reptiles,462,-19.5,133.5
Northern Territory,2020,Mammals,220,-19.5,133.5
Northern Territory,2020,Amphibians,78,-19.5,133.5
Northern Territory,2021,Insects,4372,-19.5,133.5
Northern Territory,2021,Other animals,3608,-19.5,133.5
Northern Territory,2021,Fish,793,-19.5,133.5
Northern Territory,2021,Birds,598,-19.5,133.5
Northern Territory,2021,Reptiles,471,-19.5,133.5
Northern Territory,2021,Mammals,225,-19.5,133.5
Northern Territory,2021,Amphibians,80,-19.5,133.5
Northern Territory,2022,Insects,4464,-19.5,133.5
Northern Territory,2022,Other animals,3683,-19.5,133.5
Northern Territory,2022,Fish,810,-19.5,133.5
Northern Territory,2022,Birds,611,-19.5,133.5
Northern Territory,2022,Reptiles,481,-19.5,133.5
Northern Territory,2022,Mammals,229,-19.5,133.5
Northern Territory,2022,Amphibians,81,-19.5,133.5
Northern Territory,2023,Insects,4509,-19.5,133.5
Northern Territory,2023,Other animals,3720,-19.5,133.5
Northern Territory,2023,Fish,818,-19.5,133.5
Northern Territory,2023,Birds,617,-19.5,133.5
Northern Territory,2023,Reptiles,486,-19.5,133.5
Northern Territory,2023,Mammals,232,-19.5,133.5
Northern Territory,2023,Amphibians,82,-19.5,133.5
Northern Territory,2024,Insects,4555,-19.5,133.5
Northern Territory,2024,Other animals,3758,-19.5,133.5
Northern Territory,2024,Fish,826,-19.5,133.5
Northern Territory,2024,Birds,623,-19.5,133.5
Northern Territory,2024,Reptiles,491,-19.5,133.5
Northern Territory,2024,Mammals,234,-19.5,133.5
Northern Territory,2024,Amphibians,83,-19.5,133.5
Queensland,2000,Insects,9964,-22.5,144.5
Queensland,2000,Other animals,5535,-22.5,144.5
Queensland,2000,Fish,928,-22.5,144.5
Queensland,2000,Birds,327,-22.5,144.5
Queensland,2000,Reptiles,277,-22.5,144.5
Queensland,2000,Mammals,126,-22.5,144.5
Queensland,2000,Amphibians,67,-22.5,144.5
Queensland,2001,Insects,10407,-22.5,144.5
Queensland,2001,Other animals,5780,-22.5,144.5
Queensland,2001,Fish,970,-22.5,144.5
Queensland,2001,Birds,341,-22.5,144.5
Queensland,2001,Reptiles,289,-22.5,144.5
Queensland,2001,Mammals,132,-22.5,144.5
Queensland,2001,Amphibians,70,-22.5,144.5
Queensland,2002,Insects,10850,-22.5,144.5
Queensland,2002,Other animals,6027,-22.5,144.5
Queensland,2002,Fish,1011,-22.5,144.5
Queensland,2002,Birds,356,-22.5,144.5
Queensland,2002,Reptiles,301,-22.5,144.5
Queensland,2002,Mammals,137,-22.5,144.5
Queensland,2002,Amphibians,73,-22.5,144.5
Queensland,2003,Insects,11293,-22.5,144.5
Queensland,2003,Other animals,6272,-22.5,144.5
Queensland,2003,Fish,1052,-22.5,144.5
Queensland,2003,Birds,370,-22.5,144.5
Queensland,2003,Reptiles,314,-22.5,144.5
Queensland,2003,Mammals,143,-22.5,144.5
Queensland,2003,Amphibians,76,-22.5,144.5
Queensland,2004,Insects,11958,-22.5,144.5
Queensland,2004,Other animals,6642,-22.5,144.5
Queensland,2004,Fish,1114,-22.5,144.5
Queensland,2004,Birds,392,-22.5,144.5
Queensland,2004,Reptiles,332,-22.5,144.5
Queensland,2004,Mammals,151,-22.5,144.5
Queensland,2004,Amphibians,80,-22.5,144.5
Queensland,2005,Insects,12620,-22.5,144.5
Queensland,2005,Other animals,7011,-22.5,144.5
Queensland,2005,Fish,1176,-22.5,144.5
Queensland,2005,Birds,414,-22.5,144.5
Queensland,2005,Reptiles,351,-22.5,144.5
Queensland,2005,Mammals,160,-22.5,144.5
Queensland,2005,Amphibians,85,-22.5,144.5
Queensland,2006,Insects,13065,-22.5,144.5
Queensland,2006,Other animals,7256,-22.5,144.5
Queensland,2006,Fish,1217,-22.5,144.5
Queensland,2006,Birds,428,-22.5,144.5
Queensland,2006,Reptiles,363,-22.5,144.5
Queensland,2006,Mammals,165,-22.5,144.5
Queensland,2006,Amphibians,88,-22.5,144.5
Queensland,2007,Insects,13508,-22.5,144.5
Queensland,2007,Other animals,7502,-22.5,144.5
Queensland,2007,Fish,1258,-22.5,144.5
Queensland,2007,Birds,443,-22.5,144.5
Queensland,2007,Reptiles,375,-22.5,144.5
Queensland,2007,Mammals,171,-22.5,144.5
Queensland,2007,Amphibians,91,-22.5,144.5
Queensland,2008,Insects,14172,-22.5,144.5
Queensland,2008,Other animals,7871,-22.5,144.5
Queensland,2008,Fish,1320,-22.5,144.5
Queensland,2008,Birds,465,-22.5,144.5
Queensland,2008,Reptiles,394,-22.5,144.5
Queensland,2008,Mammals,179,-22.5,144.5
Queensland,2008,Amphibians,95,-22.5,144.5
Queensland,2009,Insects,14614,-22.5,144.5
Queensland,2009,Other animals,8118,-22.5,144.5
Queensland,2009,Fish,1362,-22.5,144.5
Queensland,2009,Birds,479,-22.5,144.5
Queensland,2009,Reptiles,406,-22.5,144.5
Queensland,2009,Mammals,185,-22.5,144.5
Queensland,2009,Amphibians,98,-22.5,144.5
Queensland,2010,Insects,15280,-22.5,144.5
Queensland,2010,Other animals,8486,-22.5,144.5
Queensland,2010,Fish,1423,-22.5,144.5
Queensland,2010,Birds,501,-22.5,144.5
Queensland,2010,Reptiles,424,-22.5,144.5
Queensland,2010,Mammals,193,-22.5,144.5
Queensland,2010,Amphibians,103,-22.5,144.5
Queensland,2011,Insects,15721,-22.5,144.5
Queensland,2011,Other animals,8732,-22.5,144.5
Queensland,2011,Fish,1465,-22.5,144.5
Queensland,2011,Birds,515,-22.5,144.5
Queensland,2011,Reptiles,437,-22.5,144.5
Queensland,2011,Mammals,199,-22.5,144.5
Queensland,2011,Amphibians,106,-22.5,144.5
Queensland,2012,Insects,16387,-22.5,144.5
Queensland,2012,Other animals,9101,-22.5,144.5
Queensland,2012,Fish,1527,-22.5,144.5
Queensland,2012,Birds,537,-22.5,144.5
Queensland,2012,Reptiles,455,-22.5,144.5
Queensland,2012,Mammals,207,-22.5,144.5
Queensland,2012,Amphibians,110,-22.5,144.5
Queensland,2013,Insects,17049,-22.5,144.5
Queensland,2013,Other animals,9470,-22.5,144.5
Queensland,2013,Fish,1589,-22.5,144.5
Queensland,2013,Birds,559,-22.5,144.5
Queensland,2013,Reptiles,474,-22.5,144.5
Queensland,2013,Mammals,216,-22.5,144.5
Queensland,2013,Amphibians,115,-22.5,144.5
Queensland,2014,Insects,17715,-22.5,144.5
Queensland,2014,Other animals,9839,-22.5,144.5
Queensland,2014,Fish,1650,-22.5,144.5
Queensland,2014,Birds,581,-22.5,144.5
Queensland,2014,Reptiles,492,-22.5,144.5
Queensland,2014,Mammals,224,-22.5,144.5
Queensland,2014,Amphibians,119,-22.5,144.5
Queensland,2015,Insects,18379,-22.5,144.5
Queensland,2015,Other animals,10208,-22.5,144.5
Queensland,2015,Fish,1712,-22.5,144.5
Queensland,2015,Birds,603,-22.5,144.5
Queensland,2015,Reptiles,510,-22.5,144.5
Queensland,2015,Mammals,232,-22.5,144.5
Queensland,2015,Amphibians,124,-22.5,144.5
Queensland,2016,Insects,19044,-22.5,144.5
Queensland,2016,Other animals,10577,-22.5,144.5
Queensland,2016,Fish,1774,-22.5,144.5
Queensland,2016,Birds,624,-22.5,144.5
Queensland,2016,Reptiles,529,-22.5,144.5
Queensland,2016,Mammals,241,-22.5,144.5
Queensland,2016,Amphibians,128,-22.5,144.5
Queensland,2017,Insects,19487,-22.5,144.5
Queensland,2017,Other animals,10823,-22.5,144.5
Queensland,2017,Fish,1815,-22.5,144.5
Queensland,2017,Birds,639,-22.5,144.5
Queensland,2017,Reptiles,541,-22.5,144.5
Queensland,2017,Mammals,246,-22.5,144.5
Queensland,2017,Amphibians,131,-22.5,144.5
Queensland,2018,Insects,19929,-22.5,144.5
Queensland,2018,Other animals,11069,-22.5,144.5
Queensland,2018,Fish,1857,-22.5,144.5
Queensland,2018,Birds,653,-22.5,144.5
Queensland,2018,Reptiles,554,-22.5,144.5
Queensland,2018,Mammals,252,-22.5,144.5
Queensland,2018,Amphibians,134,-22.5,144.5
Queensland,2019,Insects,20371,-22.5,144.5
Queensland,2019,Other animals,11315,-22.5,144.5
Queensland,2019,Fish,1898,-22.5,144.5
Queensland,2019,Birds,668,-22.5,144.5
Queensland,2019,Reptiles,566,-22.5,144.5
Queensland,2019,Mammals,258,-22.5,144.5
Queensland,2019,Amphibians,137,-22.5,144.5
Queensland,2020,Insects,20816,-22.5,144.5
Queensland,2020,Other animals,11561,-22.5,144.5
Queensland,2020,Fish,1939,-22.5,144.5
Queensland,2020,Birds,682,-22.5,144.5
Queensland,2020,Reptiles,578,-22.5,144.5
Queensland,2020,Mammals,263,-22.5,144.5
Queensland,2020,Amphibians,140,-22.5,144.5
Queensland,2021,Insects,21258,-22.5,144.5
Queensland,2021,Other animals,11807,-22.5,144.5
Queensland,2021,Fish,1980,-22.5,144.5
Queensland,2021,Birds,697,-22.5,144.5
Queensland,2021,Reptiles,590,-22.5,144.5
Queensland,2021,Mammals,269,-22.5,144.5
Queensland,2021,Amphibians,143,-22.5,144.5
Queensland,2022,Insects,21701,-22.5,144.5
Queensland,2022,Other animals,12053,-22.5,144.5
Queensland,2022,Fish,2022,-22.5,144.5
Queensland,2022,Birds,711,-22.5,144.5
Queensland,2022,Reptiles,603,-22.5,144.5
Queensland,2022,Mammals,274,-22.5,144.5
Queensland,2022,Amphibians,146,-22.5,144.5
Queensland,2023,Insects,21921,-22.5,144.5
Queensland,2023,Other animals,12176,-22.5,144.5
Queensland,2023,Fish,2042,-22.5,144.5
Queensland,2023,Birds,719,-22.5,144.5
Queensland,2023,Reptiles,609,-22.5,144.5
Queensland,2023,Mammals,277,-22.5,144.5
Queensland,2023,Amphibians,148,-22.5,144.5
Queensland,2024,Insects,22143,-22.5,144.5
Queensland,2024,Other animals,12299,-22.5,144.5
Queensland,2024,Fish,2063,-22.5,144.5
Queensland,2024,Birds,726,-22.5,144.5
Queensland,2024,Reptiles,615,-22.5,144.5
Queensland,2024,Mammals,280,-22.5,144.5
Queensland,2024,Amphibians,149,-22.5,144.5
South Australia,2000,Insects,2846,-30,135
South Australia,2000,Other animals,1776,-30,135
South Australia,2000,Birds,281,-30,135
South Australia,2000,Fish,235,-30,135
South Australia,2000,Reptiles,151,-30,135
South Australia,2000,Mammals,91,-30,135
South Australia,2000,Amphibians,16,-30,135
South Australia,2001,Insects,2975,-30,135
South Australia,2001,Other animals,1855,-30,135
South Australia,2001,Birds,293,-30,135
South Australia,2001,Fish,245,-30,135
South Australia,2001,Reptiles,157,-30,135
South Australia,2001,Mammals,95,-30,135
South Australia,2001,Amphibians,16,-30,135
South Australia,2002,Insects,3100,-30,135
South Australia,2002,Other animals,1934,-30,135
South Australia,2002,Birds,306,-30,135
South Australia,2002,Fish,256,-30,135
South Australia,2002,Reptiles,164,-30,135
South Australia,2002,Mammals,99,-30,135
South Australia,2002,Amphibians,17,-30,135
South Australia,2003,Insects,3228,-30,135
South Australia,2003,Other animals,2012,-30,135
South Australia,2003,Birds,318,-30,135
South Australia,2003,Fish,266,-30,135
South Australia,2003,Reptiles,171,-30,135
South Australia,2003,Mammals,103,-30,135
South Australia,2003,Amphibians,18,-30,135
South Australia,2004,Insects,3417,-30,135
South Australia,2004,Other animals,2131,-30,135
South Australia,2004,Birds,337,-30,135
South Australia,2004,Fish,282,-30,135
South Australia,2004,Reptiles,181,-30,135
South Australia,2004,Mammals,109,-30,135
South Australia,2004,Amphibians,19,-30,135
South Australia,2005,Insects,3606,-30,135
South Australia,2005,Other animals,2249,-30,135
South Australia,2005,Birds,356,-30,135
South Australia,2005,Fish,298,-30,135
South Australia,2005,Reptiles,191,-30,135
South Australia,2005,Mammals,115,-30,135
South Australia,2005,Amphibians,20,-30,135
South Australia,2006,Insects,3733,-30,135
South Australia,2006,Other animals,2328,-30,135
South Australia,2006,Birds,368,-30,135
South Australia,2006,Fish,308,-30,135
South Australia,2006,Reptiles,198,-30,135
South Australia,2006,Mammals,119,-30,135
South Australia,2006,Amphibians,21,-30,135
South Australia,2007,Insects,3861,-30,135
South Australia,2007,Other animals,2407,-30,135
South Australia,2007,Birds,381,-30,135
South Australia,2007,Fish,318,-30,135
South Australia,2007,Reptiles,204,-30,135
South Australia,2007,Mammals,123,-30,135
South Australia,2007,Amphibians,21,-30,135
South Australia,2008,Insects,4052,-30,135
South Australia,2008,Other animals,2525,-30,135
South Australia,2008,Birds,399,-30,135
South Australia,2008,Fish,334,-30,135
South Australia,2008,Reptiles,214,-30,135
South Australia,2008,Mammals,129,-30,135
South Australia,2008,Amphibians,22,-30,135
South Australia,2009,Insects,4177,-30,135
South Australia,2009,Other animals,2604,-30,135
South Australia,2009,Birds,412,-30,135
South Australia,2009,Fish,345,-30,135
South Australia,2009,Reptiles,221,-30,135
South Australia,2009,Mammals,133,-30,135
South Australia,2009,Amphibians,23,-30,135
South Australia,2010,Insects,4366,-30,135
South Australia,2010,Other animals,2723,-30,135
South Australia,2010,Birds,431,-30,135
South Australia,2010,Fish,360,-30,135
South Australia,2010,Reptiles,231,-30,135
South Australia,2010,Mammals,139,-30,135
South Australia,2010,Amphibians,24,-30,135
South Australia,2011,Insects,4492,-30,135
South Australia,2011,Other animals,2802,-30,135
South Australia,2011,Birds,443,-30,135
South Australia,2011,Fish,371,-30,135
South Australia,2011,Reptiles,238,-30,135
South Australia,2011,Mammals,143,-30,135
South Australia,2011,Amphibians,25,-30,135
South Australia,2012,Insects,4683,-30,135
South Australia,2012,Other animals,2920,-30,135
South Australia,2012,Birds,462,-30,135
South Australia,2012,Fish,386,-30,135
South Australia,2012,Reptiles,248,-30,135
South Australia,2012,Mammals,149,-30,135
South Australia,2012,Amphibians,26,-30,135
South Australia,2013,Insects,4873,-30,135
South Australia,2013,Other animals,3038,-30,135
South Australia,2013,Birds,480,-30,135
South Australia,2013,Fish,402,-30,135
South Australia,2013,Reptiles,258,-30,135
South Australia,2013,Mammals,156,-30,135
South Australia,2013,Amphibians,27,-30,135
South Australia,2014,Insects,5062,-30,135
South Australia,2014,Other animals,3157,-30,135
South Australia,2014,Birds,499,-30,135
South Australia,2014,Fish,418,-30,135
South Australia,2014,Reptiles,268,-30,135
South Australia,2014,Mammals,162,-30,135
South Australia,2014,Amphibians,28,-30,135
South Australia,2015,Insects,5252,-30,135
South Australia,2015,Other animals,3275,-30,135
South Australia,2015,Birds,518,-30,135
South Australia,2015,Fish,433,-30,135
South Australia,2015,Reptiles,278,-30,135
South Australia,2015,Mammals,168,-30,135
South Australia,2015,Amphibians,29,-30,135
South Australia,2016,Insects,5441,-30,135
South Australia,2016,Other animals,3394,-30,135
South Australia,2016,Birds,537,-30,135
South Australia,2016,Fish,449,-30,135
South Australia,2016,Reptiles,288,-30,135
South Australia,2016,Mammals,174,-30,135
South Australia,2016,Amphibians,30,-30,135
South Australia,2017,Insects,5569,-30,135
South Australia,2017,Other animals,3472,-30,135
South Australia,2017,Birds,549,-30,135
South Australia,2017,Fish,459,-30,135
South Australia,2017,Reptiles,295,-30,135
South Australia,2017,Mammals,178,-30,135
South Australia,2017,Amphibians,31,-30,135
South Australia,2018,Insects,5694,-30,135
South Australia,2018,Other animals,3551,-30,135
South Australia,2018,Birds,562,-30,135
South Australia,2018,Fish,470,-30,135
South Australia,2018,Reptiles,302,-30,135
South Australia,2018,Mammals,182,-30,135
South Australia,2018,Amphibians,32,-30,135
South Australia,2019,Insects,5823,-30,135
South Australia,2019,Other animals,3630,-30,135
South Australia,2019,Birds,574,-30,135
South Australia,2019,Fish,480,-30,135
South Australia,2019,Reptiles,308,-30,135
South Australia,2019,Mammals,186,-30,135
South Australia,2019,Amphibians,32,-30,135
South Australia,2020,Insects,5947,-30,135
South Australia,2020,Other animals,3709,-30,135
South Australia,2020,Birds,587,-30,135
South Australia,2020,Fish,491,-30,135
South Australia,2020,Reptiles,315,-30,135
South Australia,2020,Mammals,190,-30,135
South Australia,2020,Amphibians,33,-30,135
South Australia,2021,Insects,6074,-30,135
South Australia,2021,Other animals,3788,-30,135
South Australia,2021,Birds,599,-30,135
South Australia,2021,Fish,501,-30,135
South Australia,2021,Reptiles,322,-30,135
South Australia,2021,Mammals,194,-30,135
South Australia,2021,Amphibians,34,-30,135
South Australia,2022,Insects,6201,-30,135
South Australia,2022,Other animals,3867,-30,135
South Australia,2022,Birds,612,-30,135
South Australia,2022,Fish,512,-30,135
South Australia,2022,Reptiles,328,-30,135
South Australia,2022,Mammals,198,-30,135
South Australia,2022,Amphibians,34,-30,135
South Australia,2023,Insects,6263,-30,135
South Australia,2023,Other animals,3907,-30,135
South Australia,2023,Birds,618,-30,135
South Australia,2023,Fish,517,-30,135
South Australia,2023,Reptiles,332,-30,135
South Australia,2023,Mammals,200,-30,135
South Australia,2023,Amphibians,35,-30,135
South Australia,2024,Insects,6328,-30,135
South Australia,2024,Other animals,3946,-30,135
South Australia,2024,Birds,624,-30,135
South Australia,2024,Fish,522,-30,135
South Australia,2024,Reptiles,335,-30,135
South Australia,2024,Mammals,202,-30,135
South Australia,2024,Amphibians,35,-30,135
Tasmania,2000,Insects,2818,-42,146.5
Tasmania,2000,Other animals,2024,-42,146.5
Tasmania,2000,Fish,215,-42,146.5
Tasmania,2000,Birds,189,-42,146.5
Tasmania,2000,Mammals,50,-42,146.5
Tasmania,2000,Reptiles,19,-42,146.5
Tasmania,2000,Amphibians,11,-42,146.5
Tasmania,2001,Insects,2941,-42,146.5
Tasmania,2001,Other animals,2114,-42,146.5
Tasmania,2001,Fish,225,-42,146.5
Tasmania,2001,Birds,197,-42,146.5
Tasmania,2001,Mammals,53,-42,146.5
Tasmania,2001,Reptiles,20,-42,146.5
Tasmania,2001,Amphibians,12,-42,146.5
Tasmania,2002,Insects,3067,-42,146.5
Tasmania,2002,Other animals,2204,-42,146.5
Tasmania,2002,Fish,234,-42,146.5
Tasmania,2002,Birds,206,-42,146.5
Tasmania,2002,Mammals,55,-42,146.5
Tasmania,2002,Reptiles,21,-42,146.5
Tasmania,2002,Amphibians,12,-42,146.5
Tasmania,2003,Insects,3193,-42,146.5
Tasmania,2003,Other animals,2294,-42,146.5
Tasmania,2003,Fish,244,-42,146.5
Tasmania,2003,Birds,214,-42,146.5
Tasmania,2003,Mammals,57,-42,146.5
Tasmania,2003,Reptiles,21,-42,146.5
Tasmania,2003,Amphibians,13,-42,146.5
Tasmania,2004,Insects,3380,-42,146.5
Tasmania,2004,Other animals,2429,-42,146.5
Tasmania,2004,Fish,258,-42,146.5
Tasmania,2004,Birds,227,-42,146.5
Tasmania,2004,Mammals,60,-42,146.5
Tasmania,2004,Reptiles,23,-42,146.5
Tasmania,2004,Amphibians,14,-42,146.5
Tasmania,2005,Insects,3569,-42,146.5
Tasmania,2005,Other animals,2564,-42,146.5
Tasmania,2005,Fish,272,-42,146.5
Tasmania,2005,Birds,239,-42,146.5
Tasmania,2005,Mammals,64,-42,146.5
Tasmania,2005,Reptiles,24,-42,146.5
Tasmania,2005,Amphibians,14,-42,146.5
Tasmania,2006,Insects,3693,-42,146.5
Tasmania,2006,Other animals,2654,-42,146.5
Tasmania,2006,Fish,282,-42,146.5
Tasmania,2006,Birds,248,-42,146.5
Tasmania,2006,Mammals,66,-42,146.5
Tasmania,2006,Reptiles,25,-42,146.5
Tasmania,2006,Amphibians,15,-42,146.5
Tasmania,2007,Insects,3818,-42,146.5
Tasmania,2007,Other animals,2744,-42,146.5
Tasmania,2007,Fish,292,-42,146.5
Tasmania,2007,Birds,256,-42,146.5
Tasmania,2007,Mammals,68,-42,146.5
Tasmania,2007,Reptiles,26,-42,146.5
Tasmania,2007,Amphibians,15,-42,146.5
Tasmania,2008,Insects,4005,-42,146.5
Tasmania,2008,Other animals,2879,-42,146.5
Tasmania,2008,Fish,306,-42,146.5
Tasmania,2008,Birds,269,-42,146.5
Tasmania,2008,Mammals,72,-42,146.5
Tasmania,2008,Reptiles,27,-42,146.5
Tasmania,2008,Amphibians,16,-42,146.5
Tasmania,2009,Insects,4132,-42,146.5
Tasmania,2009,Other animals,2969,-42,146.5
Tasmania,2009,Fish,315,-42,146.5
Tasmania,2009,Birds,277,-42,146.5
Tasmania,2009,Mammals,74,-42,146.5
Tasmania,2009,Reptiles,28,-42,146.5
Tasmania,2009,Amphibians,16,-42,146.5
Tasmania,2010,Insects,4319,-42,146.5
Tasmania,2010,Other animals,3104,-42,146.5
Tasmania,2010,Fish,330,-42,146.5
Tasmania,2010,Birds,290,-42,146.5
Tasmania,2010,Mammals,77,-42,146.5
Tasmania,2010,Reptiles,29,-42,146.5
Tasmania,2010,Amphibians,17,-42,146.5
Tasmania,2011,Insects,4444,-42,146.5
Tasmania,2011,Other animals,3194,-42,146.5
Tasmania,2011,Fish,339,-42,146.5
Tasmania,2011,Birds,298,-42,146.5
Tasmania,2011,Mammals,80,-42,146.5
Tasmania,2011,Reptiles,30,-42,146.5
Tasmania,2011,Amphibians,18,-42,146.5
Tasmania,2012,Insects,4631,-42,146.5
Tasmania,2012,Other animals,3329,-42,146.5
Tasmania,2012,Fish,354,-42,146.5
Tasmania,2012,Birds,311,-42,146.5
Tasmania,2012,Mammals,83,-42,146.5
Tasmania,2012,Reptiles,31,-42,146.5
Tasmania,2012,Amphibians,19,-42,146.5
Tasmania,2013,Insects,4822,-42,146.5
Tasmania,2013,Other animals,3463,-42,146.5
Tasmania,2013,Fish,368,-42,146.5
Tasmania,2013,Birds,323,-42,146.5
Tasmania,2013,Mammals,86,-42,146.5
Tasmania,2013,Reptiles,32,-42,146.5
Tasmania,2013,Amphibians,19,-42,146.5
Tasmania,2014,Insects,5008,-42,146.5
Tasmania,2014,Other animals,3598,-42,146.5
Tasmania,2014,Fish,382,-42,146.5
Tasmania,2014,Birds,336,-42,146.5
Tasmania,2014,Mammals,90,-42,146.5
Tasmania,2014,Reptiles,34,-42,146.5
Tasmania,2014,Amphibians,20,-42,146.5
Tasmania,2015,Insects,5195,-42,146.5
Tasmania,2015,Other animals,3733,-42,146.5
Tasmania,2015,Fish,397,-42,146.5
Tasmania,2015,Birds,349,-42,146.5
Tasmania,2015,Mammals,93,-42,146.5
Tasmania,2015,Reptiles,35,-42,146.5
Tasmania,2015,Amphibians,21,-42,146.5
Tasmania,2016,Insects,5385,-42,146.5
Tasmania,2016,Other animals,3868,-42,146.5
Tasmania,2016,Fish,411,-42,146.5
Tasmania,2016,Birds,361,-42,146.5
Tasmania,2016,Mammals,96,-42,146.5
Tasmania,2016,Reptiles,36,-42,146.5
Tasmania,2016,Amphibians,21,-42,146.5
Tasmania,2017,Insects,5508,-42,146.5
Tasmania,2017,Other animals,3958,-42,146.5
Tasmania,2017,Fish,421,-42,146.5
Tasmania,2017,Birds,370,-42,146.5
Tasmania,2017,Mammals,99,-42,146.5
Tasmania,2017,Reptiles,37,-42,146.5
Tasmania,2017,Amphibians,22,-42,146.5
Tasmania,2018,Insects,5634,-42,146.5
Tasmania,2018,Other animals,4048,-42,146.5
Tasmania,2018,Fish,430,-42,146.5
Tasmania,2018,Birds,378,-42,146.5
Tasmania,2018,Mammals,101,-42,146.5
Tasmania,2018,Reptiles,38,-42,146.5
Tasmania,2018,Amphibians,23,-42,146.5
Tasmania,2019,Insects,5759,-42,146.5
Tasmania,2019,Other animals,4138,-42,146.5
Tasmania,2019,Fish,440,-42,146.5
Tasmania,2019,Birds,386,-42,146.5
Tasmania,2019,Mammals,103,-42,146.5
Tasmania,2019,Reptiles,39,-42,146.5
Tasmania,2019,Amphibians,23,-42,146.5
Tasmania,2020,Insects,5885,-42,146.5
Tasmania,2020,Other animals,4228,-42,146.5
Tasmania,2020,Fish,449,-42,146.5
Tasmania,2020,Birds,395,-42,146.5
Tasmania,2020,Mammals,105,-42,146.5
Tasmania,2020,Reptiles,39,-42,146.5
Tasmania,2020,Amphibians,24,-42,146.5
Tasmania,2021,Insects,6010,-42,146.5
Tasmania,2021,Other animals,4318,-42,146.5
Tasmania,2021,Fish,459,-42,146.5
Tasmania,2021,Birds,403,-42,146.5
Tasmania,2021,Mammals,108,-42,146.5
Tasmania,2021,Reptiles,40,-42,146.5
Tasmania,2021,Amphibians,24,-42,146.5
Tasmania,2022,Insects,6135,-42,146.5
Tasmania,2022,Other animals,4408,-42,146.5
Tasmania,2022,Fish,468,-42,146.5
Tasmania,2022,Birds,412,-42,146.5
Tasmania,2022,Mammals,110,-42,146.5
Tasmania,2022,Reptiles,41,-42,146.5
Tasmania,2022,Amphibians,24,-42,146.5
Tasmania,2023,Insects,6197,-42,146.5
Tasmania,2023,Other animals,4453,-42,146.5
Tasmania,2023,Fish,473,-42,146.5
Tasmania,2023,Birds,416,-42,146.5
Tasmania,2023,Mammals,111,-42,146.5
Tasmania,2023,Reptiles,42,-42,146.5
Tasmania,2023,Amphibians,25,-42,146.5
Tasmania,2024,Insects,6260,-42,146.5
Tasmania,2024,Other animals,4498,-42,146.5
Tasmania,2024,Fish,478,-42,146.5
Tasmania,2024,Birds,420,-42,146.5
Tasmania,2024,Mammals,112,-42,146.5
Tasmania,2024,Reptiles,42,-42,146.5
Tasmania,2024,Amphibians,25,-42,146.5
Victoria,2000,Insects,5327,-37,144.5
Victoria,2000,Other animals,2094,-37,144.5
Victoria,2000,Birds,273,-37,144.5
Victoria,2000,Fish,247,-37,144.5
Victoria,2000,Mammals,84,-37,144.5
Victoria,2000,Reptiles,74,-37,144.5
Victoria,2000,Amphibians,28,-37,144.5
Victoria,2001,Insects,5564,-37,144.5
Victoria,2001,Other animals,2187,-37,144.5
Victoria,2001,Birds,285,-37,144.5
Victoria,2001,Fish,259,-37,144.5
Victoria,2001,Mammals,87,-37,144.5
Victoria,2001,Reptiles,78,-37,144.5
Victoria,2001,Amphibians,29,-37,144.5
Victoria,2002,Insects,5801,-37,144.5
Victoria,2002,Other animals,2280,-37,144.5
Victoria,2002,Birds,297,-37,144.5
Victoria,2002,Fish,270,-37,144.5
Victoria,2002,Mammals,91,-37,144.5
Victoria,2002,Reptiles,81,-37,144.5
Victoria,2002,Amphibians,30,-37,144.5
Victoria,2003,Insects,6037,-37,144.5
Victoria,2003,Other animals,2374,-37,144.5
Victoria,2003,Birds,309,-37,144.5
Victoria,2003,Fish,280,-37,144.5
Victoria,2003,Mammals,95,-37,144.5
Victoria,2003,Reptiles,84,-37,144.5
Victoria,2003,Amphibians,32,-37,144.5
Victoria,2004,Insects,6394,-37,144.5
Victoria,2004,Other animals,2513,-37,144.5
Victoria,2004,Birds,327,-37,144.5
Victoria,2004,Fish,297,-37,144.5
Victoria,2004,Mammals,100,-37,144.5
Victoria,2004,Reptiles,89,-37,144.5
Victoria,2004,Amphibians,33,-37,144.5
Victoria,2005,Insects,6748,-37,144.5
Victoria,2005,Other animals,2653,-37,144.5
Victoria,2005,Birds,345,-37,144.5
Victoria,2005,Fish,314,-37,144.5
Victoria,2005,Mammals,106,-37,144.5
Victoria,2005,Reptiles,94,-37,144.5
Victoria,2005,Amphibians,35,-37,144.5
Victoria,2006,Insects,6983,-37,144.5
Victoria,2006,Other animals,2746,-37,144.5
Victoria,2006,Birds,358,-37,144.5
Victoria,2006,Fish,325,-37,144.5
Victoria,2006,Mammals,110,-37,144.5
Victoria,2006,Reptiles,97,-37,144.5
Victoria,2006,Amphibians,37,-37,144.5
Victoria,2007,Insects,7221,-37,144.5
Victoria,2007,Other animals,2839,-37,144.5
Victoria,2007,Birds,370,-37,144.5
Victoria,2007,Fish,335,-37,144.5
Victoria,2007,Mammals,113,-37,144.5
Victoria,2007,Reptiles,101,-37,144.5
Victoria,2007,Amphibians,38,-37,144.5
Victoria,2008,Insects,7575,-37,144.5
Victoria,2008,Other animals,2979,-37,144.5
Victoria,2008,Birds,388,-37,144.5
Victoria,2008,Fish,352,-37,144.5
Victoria,2008,Mammals,119,-37,144.5
Victoria,2008,Reptiles,106,-37,144.5
Victoria,2008,Amphibians,40,-37,144.5
Victoria,2009,Insects,7812,-37,144.5
Victoria,2009,Other animals,3072,-37,144.5
Victoria,2009,Birds,400,-37,144.5
Victoria,2009,Fish,363,-37,144.5
Victoria,2009,Mammals,123,-37,144.5
Victoria,2009,Reptiles,109,-37,144.5
Victoria,2009,Amphibians,41,-37,144.5
Victoria,2010,Insects,8169,-37,144.5
Victoria,2010,Other animals,3211,-37,144.5
Victoria,2010,Birds,418,-37,144.5
Victoria,2010,Fish,379,-37,144.5
Victoria,2010,Mammals,128,-37,144.5
Victoria,2010,Reptiles,114,-37,144.5
Victoria,2010,Amphibians,43,-37,144.5
Victoria,2011,Insects,8406,-37,144.5
Victoria,2011,Other animals,3304,-37,144.5
Victoria,2011,Birds,430,-37,144.5
Victoria,2011,Fish,390,-37,144.5
Victoria,2011,Mammals,132,-37,144.5
Victoria,2011,Reptiles,117,-37,144.5
Victoria,2011,Amphibians,44,-37,144.5
Victoria,2012,Insects,8760,-37,144.5
Victoria,2012,Other animals,3444,-37,144.5
Victoria,2012,Birds,448,-37,144.5
Victoria,2012,Fish,407,-37,144.5
Victoria,2012,Mammals,138,-37,144.5
Victoria,2012,Reptiles,122,-37,144.5
Victoria,2012,Amphibians,46,-37,144.5
Victoria,2013,Insects,9114,-37,144.5
Victoria,2013,Other animals,3584,-37,144.5
Victoria,2013,Birds,467,-37,144.5
Victoria,2013,Fish,424,-37,144.5
Victoria,2013,Mammals,143,-37,144.5
Victoria,2013,Reptiles,127,-37,144.5
Victoria,2013,Amphibians,48,-37,144.5
Victoria,2014,Insects,9470,-37,144.5
Victoria,2014,Other animals,3723,-37,144.5
Victoria,2014,Birds,485,-37,144.5
Victoria,2014,Fish,440,-37,144.5
Victoria,2014,Mammals,149,-37,144.5
Victoria,2014,Reptiles,132,-37,144.5
Victoria,2014,Amphibians,50,-37,144.5
Victoria,2015,Insects,9826,-37,144.5
Victoria,2015,Other animals,3863,-37,144.5
Victoria,2015,Birds,503,-37,144.5
Victoria,2015,Fish,457,-37,144.5
Victoria,2015,Mammals,154,-37,144.5
Victoria,2015,Reptiles,137,-37,144.5
Victoria,2015,Amphibians,51,-37,144.5
Victoria,2016,Insects,10181,-37,144.5
Victoria,2016,Other animals,4002,-37,144.5
Victoria,2016,Birds,521,-37,144.5
Victoria,2016,Fish,473,-37,144.5
Victoria,2016,Mammals,160,-37,144.5
Victoria,2016,Reptiles,142,-37,144.5
Victoria,2016,Amphibians,53,-37,144.5
Victoria,2017,Insects,10417,-37,144.5
Victoria,2017,Other animals,4096,-37,144.5
Victoria,2017,Birds,533,-37,144.5
Victoria,2017,Fish,484,-37,144.5
Victoria,2017,Mammals,164,-37,144.5
Victoria,2017,Reptiles,145,-37,144.5
Victoria,2017,Amphibians,55,-37,144.5
Victoria,2018,Insects,10654,-37,144.5
Victoria,2018,Other animals,4189,-37,144.5
Victoria,2018,Birds,545,-37,144.5
Victoria,2018,Fish,495,-37,144.5
Victoria,2018,Mammals,167,-37,144.5
Victoria,2018,Reptiles,149,-37,144.5
Victoria,2018,Amphibians,56,-37,144.5
Victoria,2019,Insects,10890,-37,144.5
Victoria,2019,Other animals,4282,-37,144.5
Victoria,2019,Birds,558,-37,144.5
Victoria,2019,Fish,506,-37,144.5
Victoria,2019,Mammals,171,-37,144.5
Victoria,2019,Reptiles,152,-37,144.5
Victoria,2019,Amphibians,57,-37,144.5
Victoria,2020,Insects,11127,-37,144.5
Victoria,2020,Other animals,4375,-37,144.5
Victoria,2020,Birds,570,-37,144.5
Victoria,2020,Fish,517,-37,144.5
Victoria,2020,Mammals,175,-37,144.5
Victoria,2020,Reptiles,155,-37,144.5
Victoria,2020,Amphibians,58,-37,144.5
Victoria,2021,Insects,11364,-37,144.5
Victoria,2021,Other animals,4468,-37,144.5
Victoria,2021,Birds,582,-37,144.5
Victoria,2021,Fish,528,-37,144.5
Victoria,2021,Mammals,179,-37,144.5
Victoria,2021,Reptiles,158,-37,144.5
Victoria,2021,Amphibians,60,-37,144.5
Victoria,2022,Insects,11601,-37,144.5
Victoria,2022,Other animals,4561,-37,144.5
Victoria,2022,Birds,594,-37,144.5
Victoria,2022,Fish,539,-37,144.5
Victoria,2022,Mammals,182,-37,144.5
Victoria,2022,Reptiles,162,-37,144.5
Victoria,2022,Amphibians,61,-37,144.5
Victoria,2023,Insects,11721,-37,144.5
Victoria,2023,Other animals,4607,-37,144.5
Victoria,2023,Birds,600,-37,144.5
Victoria,2023,Fish,544,-37,144.5
Victoria,2023,Mammals,184,-37,144.5
Victoria,2023,Reptiles,163,-37,144.5
Victoria,2023,Amphibians,61,-37,144.5
Victoria,2024,Insects,11838,-37,144.5
Victoria,2024,Other animals,4654,-37,144.5
Victoria,2024,Birds,606,-37,144.5
Victoria,2024,Fish,550,-37,144.5
Victoria,2024,Mammals,186,-37,144.5
Victoria,2024,Reptiles,165,-37,144.5
Victoria,2024,Amphibians,62,-37,144.5
Western Australia,2000,Insects,4170,-25,122
Western Australia,2000,Other animals,3788,-25,122
Western Australia,2000,Fish,751,-25,122
Western Australia,2000,Reptiles,283,-25,122
Western Australia,2000,Birds,280,-25,122
Western Australia,2000,Mammals,106,-25,122
Western Australia,2000,Amphibians,45,-25,122
Western Australia,2001,Insects,4357,-25,122
Western Australia,2001,Other animals,3956,-25,122
Western Australia,2001,Fish,784,-25,122
Western Australia,2001,Reptiles,295,-25,122
Western Australia,2001,Birds,293,-25,122
Western Australia,2001,Mammals,110,-25,122
Western Australia,2001,Amphibians,47,-25,122
Western Australia,2002,Insects,4543,-25,122
Western Australia,2002,Other animals,4124,-25,122
Western Australia,2002,Fish,817,-25,122
Western Australia,2002,Reptiles,308,-25,122
Western Australia,2002,Birds,305,-25,122
Western Australia,2002,Mammals,115,-25,122
Western Australia,2002,Amphibians,49,-25,122
Western Australia,2003,Insects,4726,-25,122
Western Australia,2003,Other animals,4293,-25,122
Western Australia,2003,Fish,851,-25,122
Western Australia,2003,Reptiles,320,-25,122
Western Australia,2003,Birds,318,-25,122
Western Australia,2003,Mammals,120,-25,122
Western Australia,2003,Amphibians,51,-25,122
Western Australia,2004,Insects,5006,-25,122
Western Australia,2004,Other animals,4545,-25,122
Western Australia,2004,Fish,901,-25,122
Western Australia,2004,Reptiles,339,-25,122
Western Australia,2004,Birds,336,-25,122
Western Australia,2004,Mammals,127,-25,122
Western Australia,2004,Amphibians,54,-25,122
Western Australia,2005,Insects,5283,-25,122
Western Australia,2005,Other animals,4798,-25,122
Western Australia,2005,Fish,951,-25,122
Western Australia,2005,Reptiles,358,-25,122
Western Australia,2005,Birds,355,-25,122
Western Australia,2005,Mammals,134,-25,122
Western Australia,2005,Amphibians,57,-25,122
Western Australia,2006,Insects,5468,-25,122
Western Australia,2006,Other animals,4966,-25,122
Western Australia,2006,Fish,984,-25,122
Western Australia,2006,Reptiles,371,-25,122
Western Australia,2006,Birds,368,-25,122
Western Australia,2006,Mammals,139,-25,122
Western Australia,2006,Amphibians,59,-25,122
Western Australia,2007,Insects,5655,-25,122
Western Australia,2007,Other animals,5134,-25,122
Western Australia,2007,Fish,1017,-25,122
Western Australia,2007,Reptiles,383,-25,122
Western Australia,2007,Birds,380,-25,122
Western Australia,2007,Mammals,143,-25,122
Western Australia,2007,Amphibians,61,-25,122
Western Australia,2008,Insects,5932,-25,122
Western Australia,2008,Other animals,5387,-25,122
Western Australia,2008,Fish,1068,-25,122
Western Australia,2008,Reptiles,402,-25,122
Western Australia,2008,Birds,399,-25,122
Western Australia,2008,Mammals,150,-25,122
Western Australia,2008,Amphibians,64,-25,122
Western Australia,2009,Insects,6118,-25,122
Western Australia,2009,Other animals,5555,-25,122
Western Australia,2009,Fish,1101,-25,122
Western Australia,2009,Reptiles,414,-25,122
Western Australia,2009,Birds,411,-25,122
Western Australia,2009,Mammals,155,-25,122
Western Australia,2009,Amphibians,66,-25,122
Western Australia,2010,Insects,6396,-25,122
Western Australia,2010,Other animals,5808,-25,122
Western Australia,2010,Fish,1151,-25,122
Western Australia,2010,Reptiles,433,-25,122
Western Australia,2010,Birds,430,-25,122
Western Australia,2010,Mammals,162,-25,122
Western Australia,2010,Amphibians,69,-25,122
Western Australia,2011,Insects,6581,-25,122
Western Australia,2011,Other animals,5976,-25,122
Western Australia,2011,Fish,1184,-25,122
Western Australia,2011,Reptiles,446,-25,122
Western Australia,2011,Birds,442,-25,122
Western Australia,2011,Mammals,167,-25,122
Western Australia,2011,Amphibians,71,-25,122
Western Australia,2012,Insects,6859,-25,122
Western Australia,2012,Other animals,6229,-25,122
Western Australia,2012,Fish,1234,-25,122
Western Australia,2012,Reptiles,465,-25,122
Western Australia,2012,Birds,461,-25,122
Western Australia,2012,Mammals,174,-25,122
Western Australia,2012,Amphibians,74,-25,122
Western Australia,2013,Insects,7137,-25,122
Western Australia,2013,Other animals,6481,-25,122
Western Australia,2013,Fish,1284,-25,122
Western Australia,2013,Reptiles,484,-25,122
Western Australia,2013,Birds,480,-25,122
Western Australia,2013,Mammals,181,-25,122
Western Australia,2013,Amphibians,77,-25,122
Western Australia,2014,Insects,7416,-25,122
Western Australia,2014,Other animals,6734,-25,122
Western Australia,2014,Fish,1334,-25,122
Western Australia,2014,Reptiles,502,-25,122
Western Australia,2014,Birds,498,-25,122
Western Australia,2014,Mammals,188,-25,122
Western Australia,2014,Amphibians,80,-25,122
Western Australia,2015,Insects,7694,-25,122
Western Australia,2015,Other animals,6986,-25,122
Western Australia,2015,Fish,1384,-25,122
Western Australia,2015,Reptiles,521,-25,122
Western Australia,2015,Birds,517,-25,122
Western Australia,2015,Mammals,195,-25,122
Western Australia,2015,Amphibians,83,-25,122
Western Australia,2016,Insects,7972,-25,122
Western Australia,2016,Other animals,7238,-25,122
Western Australia,2016,Fish,1434,-25,122
Western Australia,2016,Reptiles,540,-25,122
Western Australia,2016,Birds,536,-25,122
Western Australia,2016,Mammals,202,-25,122
Western Australia,2016,Amphibians,86,-25,122
Western Australia,2017,Insects,8156,-25,122
Western Australia,2017,Other animals,7407,-25,122
Western Australia,2017,Fish,1468,-25,122
Western Australia,2017,Reptiles,553,-25,122
Western Australia,2017,Birds,548,-25,122
Western Australia,2017,Mammals,207,-25,122
Western Australia,2017,Amphibians,88,-25,122
Western Australia,2018,Insects,8342,-25,122
Western Australia,2018,Other animals,7575,-25,122
Western Australia,2018,Fish,1501,-25,122
Western Australia,2018,Reptiles,565,-25,122
Western Australia,2018,Birds,561,-25,122
Western Australia,2018,Mammals,212,-25,122
Western Australia,2018,Amphibians,90,-25,122
Western Australia,2019,Insects,8527,-25,122
Western Australia,2019,Other animals,7744,-25,122
Western Australia,2019,Fish,1535,-25,122
Western Australia,2019,Reptiles,578,-25,122
Western Australia,2019,Birds,573,-25,122
Western Australia,2019,Mammals,216,-25,122
Western Australia,2019,Amphibians,92,-25,122
Western Australia,2020,Insects,8713,-25,122
Western Australia,2020,Other animals,7912,-25,122
Western Australia,2020,Fish,1568,-25,122
Western Australia,2020,Reptiles,590,-25,122
Western Australia,2020,Birds,586,-25,122
Western Australia,2020,Mammals,221,-25,122
Western Australia,2020,Amphibians,94,-25,122
Western Australia,2021,Insects,8898,-25,122
Western Australia,2021,Other animals,8080,-25,122
Western Australia,2021,Fish,1601,-25,122
Western Australia,2021,Reptiles,603,-25,122
Western Australia,2021,Birds,598,-25,122
Western Australia,2021,Mammals,226,-25,122
Western Australia,2021,Amphibians,96,-25,122
Western Australia,2022,Insects,9083,-25,122
Western Australia,2022,Other animals,8249,-25,122
Western Australia,2022,Fish,1635,-25,122
Western Australia,2022,Reptiles,615,-25,122
Western Australia,2022,Birds,611,-25,122
Western Australia,2022,Mammals,230,-25,122
Western Australia,2022,Amphibians,98,-25,122
Western Australia,2023,Insects,9176,-25,122
Western Australia,2023,Other animals,8333,-25,122
Western Australia,2023,Fish,1651,-25,122
Western Australia,2023,Reptiles,622,-25,122
Western Australia,2023,Birds,617,-25,122
Western Australia,2023,Mammals,233,-25,122
Western Australia,2023,Amphibians,99,-25,122
Western Australia,2024,Insects,9269,-25,122
Western Australia,2024,Other animals,8417,-25,122
Western Australia,2024,Fish,1668,-25,122
Western Australia,2024,Reptiles,628,-25,122
Western Australia,2024,Birds,623,-25,122
Western Australia,2024,Mammals,235,-25,122
Western Australia,2024,Amphibians,100,-25,122
